,T2M,RH2M,PRECTOTCORR,WS2M,ALLSKY_SFC_SW_DWN
2020-01-01,16.41,38.45,0.0,2.51,13.58
2020-01-02,18.06,39.85,0.0,4.27,15.53
2020-01-03,20.78,33.73,0.0,4.93,15.84
2020-01-04,21.55,37.88,0.0,3.28,15.07
2020-01-05,14.67,64.41,2.78,2.73,5.42
2020-01-06,11.15,49.42,0.0,2.17,17.2
2020-01-07,12.23,41.2,0.0,1.39,16.33
2020-01-08,14.87,37.37,0.0,3.35,14.54
2020-01-09,15.85,39.27,0.06,2.49,12.6
2020-01-10,12.97,47.33,0.0,2.51,17.39
2020-01-11,10.8,40.98,0.0,4.61,16.22
2020-01-12,9.0,44.48,0.0,3.49,16.84
2020-01-13,11.2,27.89,0.0,1.64,18.03
2020-01-14,10.38,34.74,0.0,3.54,17.63
2020-01-15,8.66,41.33,0.0,2.38,17.43
2020-01-16,11.07,48.35,0.0,2.44,18.07
2020-01-17,13.01,45.64,0.0,4.06,17.92
2020-01-18,16.07,27.86,0.0,3.22,17.57
2020-01-19,17.52,34.99,0.0,2.34,16.73
2020-01-20,14.26,49.98,0.0,2.38,17.33
2020-01-21,14.36,46.05,0.0,3.75,16.79
2020-01-22,15.63,38.6,0.0,5.23,16.98
2020-01-23,10.87,32.41,0.03,3.5,16.69
2020-01-24,10.66,36.57,0.0,1.88,18.08
2020-01-25,11.33,33.76,0.0,4.06,18.25
2020-01-26,7.69,43.68,0.0,4.32,18.95
2020-01-27,8.76,42.36,0.0,2.15,19.84
2020-01-28,10.95,27.64,0.0,1.16,19.82
2020-01-29,13.96,21.89,0.0,2.63,16.9
2020-01-30,13.33,28.61,0.0,2.81,17.04
2020-01-31,15.34,29.07,0.0,1.86,17.71
2020-02-01,16.08,37.92,0.0,2.97,15.59
2020-02-02,13.15,23.24,0.0,1.74,17.82
2020-02-03,12.51,28.3,0.0,1.42,19.2
2020-02-04,13.91,34.77,0.0,2.81,18.15
2020-02-05,16.21,44.8,0.0,2.7,13.51
2020-02-06,17.8,47.67,0.0,2.88,15.87
2020-02-07,20.24,29.18,0.0,3.57,19.03
2020-02-08,22.52,27.83,0.0,3.53,19.17
2020-02-09,18.12,29.62,0.0,2.51,15.48
2020-02-10,14.07,36.62,0.0,2.46,14.77
2020-02-11,9.78,38.4,0.0,3.68,15.79
2020-02-12,6.95,20.89,0.0,3.19,21.32
2020-02-13,8.8,17.01,0.0,1.04,21.82
2020-02-14,12.92,16.7,0.0,1.75,22.22
2020-02-15,15.63,16.38,0.0,1.97,21.82
2020-02-16,16.99,14.99,0.0,3.95,20.75
2020-02-17,20.57,12.51,0.0,3.4,19.17
2020-02-18,20.73,15.65,0.0,4.22,17.11
2020-02-19,22.55,18.26,0.0,5.04,19.78
2020-02-20,19.2,29.23,0.0,4.8,16.09
2020-02-21,16.16,33.77,0.0,1.93,20.29
2020-02-22,18.88,31.32,0.0,3.38,19.81
2020-02-23,20.93,35.82,0.0,3.12,18.12
2020-02-24,23.07,40.36,0.0,4.32,18.14
2020-02-25,24.93,24.62,0.0,5.07,17.48
2020-02-26,18.02,27.34,0.0,5.01,22.88
2020-02-27,16.11,34.02,0.0,2.5,22.29
2020-02-28,17.76,22.37,0.0,1.73,23.46
2020-02-29,20.33,20.0,0.0,2.93,20.92
2020-03-01,23.21,19.27,0.0,4.03,20.78
2020-03-02,17.57,26.26,0.0,3.63,21.24
2020-03-03,15.69,23.07,0.0,1.83,23.6
2020-03-04,17.37,22.84,0.0,1.78,23.76
2020-03-05,18.3,22.02,0.0,1.4,22.58
2020-03-06,20.08,19.81,0.0,2.38,23.39
2020-03-07,22.0,18.5,0.0,3.77,23.45
2020-03-08,19.23,25.12,0.0,3.63,21.98
2020-03-09,17.74,35.97,0.0,3.05,23.64
2020-03-10,19.14,27.59,0.0,1.57,24.44
2020-03-11,19.44,23.26,0.0,2.08,24.85
2020-03-12,20.22,21.48,0.0,3.22,22.33
2020-03-13,21.47,13.74,0.0,4.57,19.17
2020-03-14,21.51,37.01,0.0,3.87,10.81
2020-03-15,21.73,42.03,0.0,3.02,23.07
2020-03-16,20.6,33.19,0.0,2.65,24.14
2020-03-17,22.07,33.44,0.0,3.48,22.61
2020-03-18,24.51,28.49,0.0,4.45,19.4
2020-03-19,22.35,25.92,0.03,2.22,24.36
2020-03-20,22.85,37.86,0.0,2.61,20.51
2020-03-21,23.77,13.17,0.0,2.54,25.19
2020-03-22,18.9,20.1,0.0,5.37,26.17
2020-03-23,16.66,19.8,0.0,2.85,26.71
2020-03-24,18.42,17.12,0.0,1.55,24.0
2020-03-25,21.89,15.96,0.0,2.23,23.29
2020-03-26,23.99,15.25,0.0,3.26,24.41
2020-03-27,25.32,17.75,0.0,3.45,22.34
2020-03-28,27.44,19.79,0.0,2.73,18.98
2020-03-29,23.99,31.82,0.0,4.87,24.53
2020-03-30,21.92,33.23,0.0,2.48,25.1
2020-03-31,22.1,22.86,0.0,2.55,24.75
2020-04-01,24.83,22.33,0.0,4.61,19.84
2020-04-02,26.81,17.88,0.0,3.71,24.12
2020-04-03,25.82,19.95,0.0,2.05,24.84
2020-04-04,24.3,29.27,0.0,3.77,24.64
2020-04-05,25.67,21.55,0.0,3.16,25.81
2020-04-06,26.78,23.29,0.24,2.26,24.12
2020-04-07,29.28,20.3,0.0,2.23,24.13
2020-04-08,30.84,16.41,0.0,4.31,25.69
2020-04-09,32.03,14.45,0.0,5.77,23.86
2020-04-10,32.2,17.0,0.0,3.93,24.74
2020-04-11,28.84,21.47,0.0,2.34,17.3
2020-04-12,28.27,31.3,0.9,2.95,17.37
2020-04-13,23.43,38.78,0.36,4.1,20.35
2020-04-14,22.78,35.87,0.36,4.47,25.28
2020-04-15,20.5,50.7,7.22,3.12,23.21
2020-04-16,21.84,51.88,0.07,1.68,25.58
2020-04-17,24.36,41.17,0.67,3.37,25.8
2020-04-18,26.4,45.53,3.86,4.59,21.84
2020-04-19,24.95,41.26,0.0,2.34,17.92
2020-04-20,22.05,67.68,0.92,3.42,13.91
2020-04-21,21.43,71.8,12.97,1.81,19.7
2020-04-22,25.16,48.41,0.46,2.91,26.35
2020-04-23,28.94,29.18,0.0,1.7,28.0
2020-04-24,30.06,26.31,0.0,2.02,25.82
2020-04-25,30.47,28.21,0.0,3.81,25.55
2020-04-26,28.87,26.37,0.9,4.35,26.96
2020-04-27,25.79,27.75,0.0,3.01,25.57
2020-04-28,26.63,28.45,0.0,3.89,26.51
2020-04-29,30.49,25.04,0.0,5.0,24.74
2020-04-30,28.67,25.14,0.0,3.61,27.07
2020-05-01,28.15,30.49,0.0,2.92,25.24
2020-05-02,29.6,27.18,0.0,3.49,27.73
2020-05-03,28.2,16.89,0.0,3.75,27.6
2020-05-04,28.35,16.91,0.0,2.84,27.23
2020-05-05,30.87,20.4,0.11,4.08,23.0
2020-05-06,31.32,34.94,0.16,2.9,21.91
2020-05-07,29.49,22.72,0.0,4.06,26.16
2020-05-08,29.02,20.99,0.0,2.82,20.01
2020-05-09,31.56,20.45,0.0,3.4,25.55
2020-05-10,33.16,26.22,0.0,2.88,24.82
2020-05-11,31.59,26.87,0.0,3.52,20.31
2020-05-12,30.77,18.05,0.0,2.48,25.31
2020-05-13,29.21,15.55,0.0,3.18,27.19
2020-05-14,29.26,13.86,0.0,3.74,28.55
2020-05-15,29.32,15.27,0.0,2.62,25.61
2020-05-16,31.49,15.77,0.0,1.81,27.56
2020-05-17,31.96,17.46,0.0,1.6,27.71
2020-05-18,32.44,14.22,0.0,1.6,27.78
2020-05-19,32.4,15.03,0.0,2.12,19.41
2020-05-20,32.31,20.5,0.0,3.19,25.08
2020-05-21,32.27,12.81,0.0,2.97,28.29
2020-05-22,32.1,12.91,0.0,2.29,27.66
2020-05-23,32.38,13.85,0.0,1.57,29.26
2020-05-24,32.98,11.1,0.0,1.99,29.4
2020-05-25,33.27,10.47,0.0,3.05,29.71
2020-05-26,30.7,16.58,0.0,3.06,28.26
2020-05-27,31.97,12.8,0.0,2.76,28.46
2020-05-28,33.41,11.54,0.0,3.17,28.24
2020-05-29,34.19,11.55,0.0,2.95,28.29
2020-05-30,34.84,10.79,0.0,2.86,29.93
2020-05-31,33.83,12.76,0.0,2.68,28.64
2020-06-01,34.6,12.03,0.0,1.95,29.95
2020-06-02,35.2,12.79,0.0,2.2,29.71
2020-06-03,35.85,16.22,0.0,2.38,29.44
2020-06-04,35.72,13.8,0.0,2.4,29.09
2020-06-05,35.42,11.78,0.0,3.92,28.44
2020-06-06,35.16,11.53,0.0,3.85,28.62
2020-06-07,35.16,12.91,0.0,3.52,28.69
2020-06-08,35.14,12.45,0.0,1.18,27.95
2020-06-09,35.6,12.78,0.0,2.32,27.71
2020-06-10,35.35,11.67,0.0,2.8,29.16
2020-06-11,35.48,11.72,0.0,2.09,29.14
2020-06-12,36.13,9.42,0.0,2.11,29.78
2020-06-13,34.64,12.02,0.0,2.86,29.62
2020-06-14,34.37,10.97,0.0,2.84,28.67
2020-06-15,34.99,11.9,0.0,1.31,28.54
2020-06-16,37.31,9.44,0.0,2.68,29.57
2020-06-17,36.23,10.84,0.0,3.3,29.85
2020-06-18,34.64,10.25,0.0,4.51,29.24
2020-06-19,33.67,9.21,0.0,4.05,30.55
2020-06-20,34.22,11.93,0.0,2.41,29.45
2020-06-21,33.87,14.9,0.0,2.49,28.99
2020-06-22,32.27,15.18,0.0,4.67,29.14
2020-06-23,32.52,15.92,0.0,4.88,28.96
2020-06-24,32.18,11.61,0.0,3.65,30.6
2020-06-25,34.02,10.52,0.0,4.32,28.19
2020-06-26,34.91,9.7,0.0,3.73,28.15
2020-06-27,36.15,7.94,0.0,3.84,28.77
2020-06-28,35.56,8.86,0.0,2.74,29.55
2020-06-29,37.15,10.33,0.0,2.99,29.55
2020-06-30,36.82,11.87,0.0,2.69,29.12
2020-07-01,36.98,11.73,0.0,1.49,29.45
2020-07-02,36.18,14.03,0.0,3.13,28.76
2020-07-03,35.68,16.95,0.0,3.59,28.85
2020-07-04,36.16,13.94,0.0,2.21,28.21
2020-07-05,37.32,11.89,0.0,1.37,28.6
2020-07-06,37.78,9.94,0.0,1.49,29.04
2020-07-07,38.18,9.6,0.0,1.71,28.81
2020-07-08,37.64,10.61,0.0,2.71,28.42
2020-07-09,37.23,10.3,0.0,3.52,28.49
2020-07-10,37.33,11.5,0.0,4.41,29.18
2020-07-11,37.54,12.48,0.0,3.97,26.96
2020-07-12,37.68,14.15,0.0,3.74,27.79
2020-07-13,37.05,14.06,0.0,2.69,26.39
2020-07-14,37.01,14.06,0.0,1.96,26.78
2020-07-15,37.97,14.24,0.0,2.21,26.86
2020-07-16,36.98,14.07,0.0,3.06,26.71
2020-07-17,36.78,11.58,0.0,3.41,27.88
2020-07-18,36.53,9.54,0.0,4.56,27.74
2020-07-19,37.11,15.12,0.0,2.68,24.95
2020-07-20,38.7,16.27,0.0,3.69,25.85
2020-07-21,38.07,9.0,0.0,5.44,27.0
2020-07-22,37.53,12.77,0.0,3.41,26.77
2020-07-23,37.26,27.69,0.07,3.68,22.02
2020-07-24,37.19,21.35,0.0,2.55,26.67
2020-07-25,36.69,24.38,0.0,3.36,25.36
2020-07-26,36.23,25.96,0.0,3.43,27.78
2020-07-27,37.34,20.95,0.0,2.44,24.48
2020-07-28,38.83,17.99,0.0,2.6,26.72
2020-07-29,38.16,20.1,0.0,2.16,26.29
2020-07-30,39.01,16.3,0.0,2.25,25.93
2020-07-31,39.91,14.85,0.0,3.28,25.41
2020-08-01,39.77,14.01,0.0,2.4,25.62
2020-08-02,39.34,15.24,0.0,1.85,21.69
2020-08-03,38.21,15.19,0.0,4.07,26.56
2020-08-04,36.69,11.87,0.0,3.54,28.44
2020-08-05,35.7,11.95,0.0,3.96,28.07
2020-08-06,34.84,12.19,0.0,4.69,27.73
2020-08-07,35.52,16.97,0.0,4.18,25.63
2020-08-08,36.13,15.19,0.0,4.0,27.02
2020-08-09,35.77,14.07,0.0,3.47,23.55
2020-08-10,35.23,11.35,0.0,4.69,26.74
2020-08-11,33.26,13.24,0.0,4.54,27.91
2020-08-12,33.41,14.35,0.0,2.63,27.83
2020-08-13,34.38,13.34,0.0,3.34,28.18
2020-08-14,35.11,14.94,0.0,4.36,27.15
2020-08-15,35.29,16.32,0.0,4.31,27.21
2020-08-16,35.52,15.69,0.0,2.81,26.71
2020-08-17,35.64,14.79,0.0,4.12,25.71
2020-08-18,33.59,11.32,0.0,3.68,27.28
2020-08-19,33.38,9.62,0.0,2.76,27.17
2020-08-20,34.5,10.53,0.0,3.14,27.69
2020-08-21,35.74,12.72,0.0,2.88,27.37
2020-08-22,36.66,12.41,0.0,2.44,25.66
2020-08-23,37.36,12.24,0.0,3.42,26.28
2020-08-24,37.48,13.38,0.0,2.72,26.13
2020-08-25,35.63,18.1,0.0,2.42,26.26
2020-08-26,35.0,16.32,0.0,2.67,25.18
2020-08-27,34.3,15.94,0.0,2.01,26.24
2020-08-28,33.19,14.72,0.0,2.75,26.35
2020-08-29,32.91,12.87,0.0,3.32,26.76
2020-08-30,33.38,11.93,0.0,2.98,26.82
2020-08-31,33.37,10.57,0.0,2.03,26.7
2020-09-01,34.12,19.47,0.0,2.48,19.73
2020-09-02,34.03,18.49,0.0,3.08,20.27
2020-09-03,33.61,14.3,0.0,2.06,25.21
2020-09-04,34.71,12.82,0.0,2.05,24.28
2020-09-05,33.83,15.98,0.0,1.66,24.66
2020-09-06,33.4,14.82,0.0,2.76,25.67
2020-09-07,31.98,16.88,0.0,2.9,25.77
2020-09-08,32.88,17.48,0.0,1.95,25.6
2020-09-09,34.01,13.86,0.0,1.59,25.39
2020-09-10,33.95,14.09,0.0,1.99,23.86
2020-09-11,34.01,12.91,0.0,2.5,22.31
2020-09-12,33.17,12.84,0.0,2.84,25.82
2020-09-13,33.54,12.41,0.0,1.44,24.25
2020-09-14,35.49,12.58,0.0,0.84,22.27
2020-09-15,34.82,12.42,0.0,1.9,22.71
2020-09-16,32.62,11.52,0.0,2.02,24.67
2020-09-17,32.79,13.54,0.0,1.65,25.04
2020-09-18,32.22,15.64,0.0,1.88,24.5
2020-09-19,32.42,15.04,0.0,2.28,24.73
2020-09-20,32.27,13.4,0.0,3.22,24.59
2020-09-21,31.31,13.99,0.0,4.21,24.07
2020-09-22,30.8,17.01,0.0,3.47,24.47
2020-09-23,31.44,11.21,0.0,2.84,25.15
2020-09-24,32.29,10.81,0.0,1.87,24.92
2020-09-25,31.09,16.34,0.0,2.58,23.99
2020-09-26,32.04,15.72,0.0,1.79,24.09
2020-09-27,31.33,17.42,0.0,2.77,24.05
2020-09-28,30.84,17.32,0.0,2.52,23.3
2020-09-29,29.66,17.39,0.0,2.9,23.72
2020-09-30,29.59,14.25,0.0,2.39,24.36
2020-10-01,30.48,12.56,0.0,0.93,23.99
2020-10-02,31.18,12.54,0.0,1.34,23.44
2020-10-03,29.58,17.52,0.0,2.46,23.51
2020-10-04,29.38,24.04,0.0,1.55,22.99
2020-10-05,30.61,16.45,0.0,1.44,23.37
2020-10-06,30.49,16.02,0.0,1.47,22.54
2020-10-07,29.32,19.4,0.0,2.67,22.19
2020-10-08,27.86,15.6,0.0,2.88,22.43
2020-10-09,26.29,16.74,0.0,1.99,23.29
2020-10-10,25.32,15.66,0.0,2.08,22.86
2020-10-11,23.87,16.12,0.0,1.98,23.2
2020-10-12,23.89,15.41,0.0,2.24,22.97
2020-10-13,24.21,15.96,0.0,2.61,22.57
2020-10-14,24.59,13.5,0.0,1.81,23.16
2020-10-15,25.72,17.65,0.0,1.47,22.72
2020-10-16,24.28,15.92,0.0,1.79,23.05
2020-10-17,23.94,20.49,0.0,1.45,22.22
2020-10-18,24.06,13.48,0.0,1.9,22.57
2020-10-19,23.65,17.26,0.0,2.58,21.95
2020-10-20,22.95,14.4,0.0,3.0,21.87
2020-10-21,22.96,15.3,0.0,2.68,22.07
2020-10-22,23.07,16.83,0.0,3.12,21.87
2020-10-23,23.23,17.55,0.0,3.59,21.9
2020-10-24,22.33,13.44,0.0,1.9,21.72
2020-10-25,22.2,14.77,0.0,2.38,21.55
2020-10-26,22.65,20.34,0.0,1.8,21.51
2020-10-27,22.7,21.91,0.0,1.48,20.62
2020-10-28,22.76,18.86,0.0,1.45,20.44
2020-10-29,22.15,18.37,0.0,1.64,20.23
2020-10-30,21.77,28.16,0.0,1.51,20.66
2020-10-31,22.11,27.31,0.0,2.21,20.1
2020-11-01,21.96,25.12,0.0,2.17,19.76
2020-11-02,22.44,28.01,0.0,2.04,20.09
2020-11-03,22.62,23.75,0.0,2.08,19.92
2020-11-04,22.6,23.1,0.0,1.92,19.61
2020-11-05,22.39,19.55,0.0,1.78,19.67
2020-11-06,22.15,21.58,0.0,2.77,19.83
2020-11-07,22.21,21.14,0.0,2.82,18.64
2020-11-08,22.83,24.24,0.0,2.98,18.45
2020-11-09,23.56,36.19,0.0,2.67,18.09
2020-11-10,24.14,32.81,0.0,2.91,17.95
2020-11-11,24.23,30.09,0.0,3.17,18.25
2020-11-12,23.88,25.84,0.0,3.13,18.13
2020-11-13,23.76,33.23,0.0,2.94,18.08
2020-11-14,20.34,47.09,0.0,2.38,16.38
2020-11-15,20.37,34.32,0.0,2.76,17.68
2020-11-16,22.29,37.11,0.0,3.49,17.15
2020-11-17,23.05,29.8,0.0,1.21,17.54
2020-11-18,20.65,56.24,0.0,1.89,16.55
2020-11-19,20.2,45.49,0.0,2.74,16.71
2020-11-20,20.91,40.77,0.0,3.76,17.16
2020-11-21,21.18,31.6,0.0,3.56,17.38
2020-11-22,19.82,41.02,0.0,3.2,16.62
2020-11-23,17.83,37.29,0.0,2.14,16.42
2020-11-24,17.02,38.92,0.0,1.85,17.08
2020-11-25,17.24,33.77,0.0,2.21,17.03
2020-11-26,18.61,27.43,0.0,3.66,16.15
2020-11-27,18.85,42.77,0.06,3.05,6.39
2020-11-28,20.28,57.27,3.74,3.68,10.93
2020-11-29,21.41,56.4,0.89,2.62,13.27
2020-11-30,19.33,66.04,0.26,2.44,6.74
2020-12-01,17.45,72.63,2.15,2.78,6.34
2020-12-02,19.11,66.23,0.0,2.71,9.66
2020-12-03,21.23,52.44,0.0,2.76,15.2
2020-12-04,21.12,53.57,0.0,3.13,15.8
2020-12-05,20.89,48.55,0.06,3.53,15.35
2020-12-06,19.84,37.5,0.06,4.05,16.08
2020-12-07,13.99,52.58,0.0,2.68,17.03
2020-12-08,13.98,46.04,0.0,1.76,16.99
2020-12-09,16.62,36.78,0.0,1.25,16.28
2020-12-10,15.97,39.06,0.0,2.46,16.24
2020-12-11,14.17,47.92,0.0,1.73,15.87
2020-12-12,14.45,44.08,0.0,1.25,16.06
2020-12-13,15.17,41.0,0.0,0.99,16.31
2020-12-14,14.89,40.07,0.0,1.37,16.4
2020-12-15,14.56,33.65,0.0,3.16,15.77
2020-12-16,15.56,27.82,0.0,3.51,15.76
2020-12-17,17.12,35.27,0.0,3.17,15.72
2020-12-18,16.04,50.67,0.0,1.44,14.68
2020-12-19,14.16,70.07,0.0,3.19,10.61
2020-12-20,14.53,65.78,0.0,2.29,11.75
2020-12-21,14.23,56.74,0.0,1.36,14.24
2020-12-22,15.06,52.08,0.0,1.04,15.25
2020-12-23,15.77,47.44,0.0,2.18,15.74
2020-12-24,17.52,43.82,0.0,2.9,14.26
2020-12-25,13.91,50.87,0.0,3.25,13.82
2020-12-26,11.15,25.46,0.0,2.65,13.11
2020-12-27,10.94,26.19,0.0,2.15,13.99
2020-12-28,11.31,58.87,0.0,1.85,14.34
2020-12-29,12.83,68.23,0.0,1.54,13.51
2020-12-30,13.64,58.76,0.0,1.76,15.39
2020-12-31,13.85,43.73,0.0,1.89,15.28
2021-01-01,14.7,56.24,0.01,1.53,10.76
2021-01-02,16.4,62.09,0.0,1.29,15.13
2021-01-03,16.09,61.99,0.0,1.25,15.11
2021-01-04,17.4,51.43,0.36,2.68,10.3
2021-01-05,16.68,49.68,0.0,2.84,15.5
2021-01-06,16.31,50.31,0.0,1.9,14.34
2021-01-07,15.4,53.13,0.19,2.33,12.38
2021-01-08,13.36,68.01,6.75,1.53,9.52
2021-01-09,12.85,62.14,0.0,2.01,16.63
2021-01-10,12.76,63.54,0.0,1.59,16.3
2021-01-11,12.95,57.62,0.0,1.22,16.4
2021-01-12,10.83,42.6,0.0,2.19,17.36
2021-01-13,10.81,30.33,0.0,1.98,18.13
2021-01-14,13.28,27.91,0.0,2.12,18.06
2021-01-15,15.97,44.85,0.0,3.09,12.2
2021-01-16,15.8,58.92,0.0,2.39,16.02
2021-01-17,17.76,38.5,0.0,3.29,17.15
2021-01-18,16.75,34.12,0.0,1.6,17.55
2021-01-19,14.38,37.95,0.0,2.39,17.45
2021-01-20,15.88,38.64,0.0,3.28,17.86
2021-01-21,11.91,37.93,0.0,4.75,15.47
2021-01-22,8.33,27.39,0.0,3.21,18.0
2021-01-23,9.3,23.49,0.0,2.01,18.08
2021-01-24,11.69,23.2,0.0,1.12,18.27
2021-01-25,13.44,19.2,0.0,1.77,18.89
2021-01-26,14.91,21.11,0.0,1.69,18.02
2021-01-27,15.59,20.24,0.0,2.72,18.19
2021-01-28,17.46,30.04,0.0,4.09,18.37
2021-01-29,18.91,26.55,0.0,3.71,17.07
2021-01-30,17.14,32.8,0.0,3.46,17.02
2021-01-31,13.53,38.6,0.0,1.83,18.15
2021-02-01,14.83,32.54,0.0,1.63,18.74
2021-02-02,16.04,31.62,0.0,2.06,18.93
2021-02-03,17.07,29.98,0.0,1.87,19.18
2021-02-04,18.38,29.61,0.0,3.36,19.56
2021-02-05,18.49,27.42,0.0,4.67,18.64
2021-02-06,16.15,52.54,0.0,2.49,14.81
2021-02-07,14.76,57.06,0.0,3.43,20.07
2021-02-08,13.15,61.47,0.0,2.86,17.5
2021-02-09,13.86,52.48,0.0,2.51,20.81
2021-02-10,14.62,35.39,0.0,2.47,21.05
2021-02-11,16.18,26.33,0.0,1.93,21.4
2021-02-12,18.12,20.71,0.0,1.23,20.31
2021-02-13,17.93,23.37,0.0,1.19,15.69
2021-02-14,18.8,23.64,0.0,2.01,21.36
2021-02-15,19.34,24.69,0.0,2.2,16.51
2021-02-16,20.32,23.56,0.0,3.54,21.5
2021-02-17,22.0,18.59,0.0,4.46,19.68
2021-02-18,17.85,62.37,0.21,3.92,8.86
2021-02-19,12.86,51.81,0.41,3.31,13.19
2021-02-20,11.0,73.3,0.9,2.59,11.13
2021-02-21,13.84,76.25,1.33,2.87,12.32
2021-02-22,15.79,58.66,0.1,3.05,17.85
2021-02-23,16.56,50.22,0.0,3.1,15.39
2021-02-24,17.32,49.27,0.0,2.74,18.21
2021-02-25,15.69,46.71,0.0,4.36,21.02
2021-02-26,13.72,33.38,0.0,2.87,23.12
2021-02-27,15.11,27.52,0.0,1.7,21.9
2021-02-28,17.26,25.38,0.01,4.28,21.09
2021-03-01,20.01,26.5,0.1,3.68,20.82
2021-03-02,18.35,32.37,0.0,2.98,21.25
2021-03-03,18.9,37.27,0.54,2.97,19.55
2021-03-04,21.41,29.87,0.0,3.74,22.33
2021-03-05,20.32,25.58,0.0,4.52,20.66
2021-03-06,16.72,28.3,0.0,3.1,22.25
2021-03-07,17.76,22.26,0.0,1.64,23.08
2021-03-08,21.05,21.1,0.0,2.74,22.46
2021-03-09,23.38,20.58,0.0,2.37,22.29
2021-03-10,21.49,21.89,0.0,2.99,22.23
2021-03-11,22.2,23.03,0.0,3.53,22.65
2021-03-12,26.88,16.1,0.0,5.98,22.96
2021-03-13,19.98,23.29,0.0,2.86,18.49
2021-03-14,19.38,21.27,0.0,1.5,19.55
2021-03-15,21.93,16.3,0.0,3.3,21.06
2021-03-16,24.71,16.4,0.0,3.74,21.92
2021-03-17,27.2,15.25,0.0,4.23,22.48
2021-03-18,27.8,13.64,0.0,3.91,23.76
2021-03-19,25.48,21.16,0.0,2.2,24.08
2021-03-20,22.62,21.11,0.0,2.45,22.73
2021-03-21,23.98,18.77,0.0,1.07,25.33
2021-03-22,26.8,15.86,0.0,2.54,24.65
2021-03-23,26.81,15.88,0.0,2.25,25.33
2021-03-24,28.94,12.8,0.0,4.88,25.54
2021-03-25,28.78,12.77,0.0,3.57,25.46
2021-03-26,28.27,14.04,0.0,3.6,25.64
2021-03-27,28.34,15.47,0.0,4.85,26.1
2021-03-28,19.86,20.72,0.0,4.97,23.76
2021-03-29,18.88,16.09,0.0,3.59,26.03
2021-03-30,21.27,14.68,0.0,1.76,26.34
2021-03-31,25.56,12.78,0.0,3.17,24.85
2021-04-01,28.13,11.56,0.0,3.3,25.84
2021-04-02,29.08,9.36,0.0,3.17,26.96
2021-04-03,24.72,16.08,0.0,4.75,24.22
2021-04-04,21.07,15.57,0.0,4.02,25.55
2021-04-05,21.12,13.83,0.0,3.38,24.16
2021-04-06,22.05,12.67,0.0,2.18,25.55
2021-04-07,25.19,11.21,0.0,1.22,26.35
2021-04-08,26.88,12.11,0.0,2.03,26.86
2021-04-09,28.37,11.22,0.0,3.85,25.72
2021-04-10,29.74,9.9,0.0,4.46,21.87
2021-04-11,29.59,10.58,0.0,2.85,25.28
2021-04-12,28.12,20.78,0.0,2.8,25.44
2021-04-13,30.62,18.79,0.0,4.41,24.6
2021-04-14,29.4,30.85,0.0,2.81,25.17
2021-04-15,25.95,20.99,0.0,4.19,23.36
2021-04-16,25.64,13.39,0.0,2.54,23.86
2021-04-17,24.53,22.06,0.0,2.09,11.29
2021-04-18,25.93,26.24,0.0,3.17,26.42
2021-04-19,26.51,17.87,0.0,3.09,28.61
2021-04-20,28.27,17.08,0.0,2.36,27.9
2021-04-21,29.85,14.93,0.0,1.49,27.78
2021-04-22,28.88,11.83,0.0,2.56,28.36
2021-04-23,29.47,9.73,0.0,2.54,27.51
2021-04-24,29.16,10.26,0.0,2.37,27.32
2021-04-25,29.72,9.92,0.0,2.29,28.43
2021-04-26,28.84,21.84,0.0,2.35,22.78
2021-04-27,29.06,25.58,0.0,3.4,23.54
2021-04-28,28.98,33.6,2.88,4.41,13.39
2021-04-29,28.26,25.08,0.56,3.69,22.9
2021-04-30,26.96,14.8,0.0,2.48,28.61
2021-05-01,28.46,16.34,0.0,2.56,29.53
2021-05-02,31.02,15.8,0.0,1.0,26.34
2021-05-03,29.26,15.44,0.0,3.48,28.31
2021-05-04,26.98,14.65,0.0,2.3,28.28
2021-05-05,28.53,14.88,0.0,1.61,28.85
2021-05-06,29.56,15.08,0.0,1.67,28.63
2021-05-07,31.24,12.79,0.0,2.36,28.34
2021-05-08,30.91,14.61,0.0,3.08,28.16
2021-05-09,30.42,18.49,0.0,1.9,25.01
2021-05-10,31.15,12.76,0.0,1.41,28.39
2021-05-11,31.89,14.03,0.0,1.76,19.96
2021-05-12,33.83,14.25,0.0,2.15,26.52
2021-05-13,33.49,12.6,0.0,2.43,26.44
2021-05-14,33.23,12.74,0.0,2.26,24.89
2021-05-15,33.83,11.33,0.0,1.9,26.52
2021-05-16,32.95,11.52,0.0,4.28,27.81
2021-05-17,33.36,12.58,0.0,3.9,28.59
2021-05-18,32.95,11.94,0.0,2.92,29.13
2021-05-19,33.49,8.82,0.0,2.49,29.96
2021-05-20,33.7,9.47,0.0,2.8,29.3
2021-05-21,34.17,9.58,0.0,2.24,29.32
2021-05-22,35.28,8.9,0.0,1.66,29.11
2021-05-23,35.8,8.34,0.0,2.69,28.88
2021-05-24,34.37,8.16,0.0,3.31,28.82
2021-05-25,35.86,9.1,0.0,2.59,27.38
2021-05-26,33.35,11.97,0.0,3.33,28.0
2021-05-27,32.97,11.48,0.0,1.87,28.0
2021-05-28,34.77,10.53,0.0,1.66,28.33
2021-05-29,35.38,10.67,0.0,2.44,28.45
2021-05-30,35.08,11.15,0.0,2.51,29.57
2021-05-31,35.78,11.13,0.0,2.88,29.1
2021-06-01,35.39,12.34,0.0,2.69,28.15
2021-06-02,35.69,10.31,0.0,3.35,29.0
2021-06-03,36.56,10.92,0.0,2.94,26.58
2021-06-04,36.29,11.97,0.0,2.45,28.57
2021-06-05,37.83,9.06,0.0,1.49,28.67
2021-06-06,37.45,8.67,0.0,2.7,28.2
2021-06-07,36.56,10.57,0.0,3.99,27.85
2021-06-08,35.33,11.32,0.0,3.8,29.13
2021-06-09,35.38,9.97,0.0,2.44,29.02
2021-06-10,34.7,9.66,0.0,3.25,27.58
2021-06-11,33.5,12.51,0.0,5.81,28.43
2021-06-12,32.84,13.08,0.0,6.07,27.18
2021-06-13,32.3,13.38,0.0,6.06,27.75
2021-06-14,33.4,14.32,0.0,5.46,28.86
2021-06-15,34.85,12.22,0.0,3.41,29.58
2021-06-16,35.09,12.19,0.0,3.99,28.62
2021-06-17,33.67,12.05,0.0,5.31,29.19
2021-06-18,31.61,11.52,0.0,5.69,29.7
2021-06-19,32.32,9.49,0.0,4.99,29.57
2021-06-20,33.52,7.78,0.0,4.74,29.99
2021-06-21,34.17,7.26,0.0,4.03,29.1
2021-06-22,35.15,9.82,0.0,3.28,29.68
2021-06-23,35.77,10.4,0.0,4.31,27.78
2021-06-24,35.19,11.24,0.0,3.85,28.94
2021-06-25,34.55,9.21,0.0,3.53,28.53
2021-06-26,35.95,8.06,0.0,2.71,29.69
2021-06-27,36.61,7.76,0.0,2.43,30.22
2021-06-28,36.67,7.96,0.0,2.66,29.12
2021-06-29,36.65,10.11,0.0,2.82,29.67
2021-06-30,36.56,11.56,0.0,2.33,28.27
2021-07-01,36.82,11.7,0.0,2.32,29.01
2021-07-02,37.84,9.3,0.0,2.5,29.31
2021-07-03,37.06,9.73,0.0,4.18,29.37
2021-07-04,36.85,9.98,0.0,2.79,29.9
2021-07-05,36.03,9.38,0.0,3.48,28.73
2021-07-06,35.13,11.27,0.0,3.46,29.42
2021-07-07,36.1,17.39,0.0,1.97,26.87
2021-07-08,36.66,10.31,0.0,2.51,28.35
2021-07-09,37.24,10.24,0.0,2.71,28.95
2021-07-10,37.77,10.81,0.0,2.87,28.3
2021-07-11,37.96,10.86,0.0,2.25,27.93
2021-07-12,38.94,10.76,0.0,1.61,27.53
2021-07-13,39.2,10.37,0.0,2.43,27.18
2021-07-14,37.13,15.31,0.0,2.47,25.02
2021-07-15,36.78,18.22,0.0,2.28,26.89
2021-07-16,36.2,18.57,0.0,3.61,25.24
2021-07-17,34.41,39.61,0.0,4.65,22.6
2021-07-18,33.18,50.95,0.0,3.64,25.69
2021-07-19,35.56,37.91,0.0,2.78,24.71
2021-07-20,38.05,23.57,0.0,3.06,26.86
2021-07-21,38.76,27.48,0.0,2.61,25.61
2021-07-22,39.06,22.32,0.14,2.71,24.23
2021-07-23,39.0,16.95,0.77,3.93,23.33
2021-07-24,37.86,14.82,0.0,3.02,27.18
2021-07-25,37.44,14.75,0.0,3.13,25.41
2021-07-26,38.18,13.88,0.0,3.44,26.73
2021-07-27,38.95,11.85,0.0,3.76,27.88
2021-07-28,39.37,11.5,0.0,5.38,26.72
2021-07-29,37.86,14.44,0.0,3.35,26.39
2021-07-30,37.87,13.54,0.0,1.18,25.81
2021-07-31,38.2,14.89,0.0,1.63,27.44
2021-08-01,37.49,14.46,0.0,1.42,26.52
2021-08-02,36.34,9.35,0.0,2.15,26.74
2021-08-03,36.14,9.17,0.0,2.04,26.42
2021-08-04,36.57,9.83,0.0,2.17,27.86
2021-08-05,36.49,10.73,0.0,2.52,28.98
2021-08-06,36.93,11.44,0.0,3.03,26.62
2021-08-07,37.31,11.26,0.0,2.16,28.17
2021-08-08,37.74,13.4,0.0,2.7,26.2
2021-08-09,36.65,13.54,0.0,4.09,26.9
2021-08-10,35.62,11.29,0.0,2.82,26.97
2021-08-11,35.97,9.64,0.0,2.2,27.23
2021-08-12,37.55,9.83,0.0,2.46,27.23
2021-08-13,37.8,10.34,0.0,2.51,26.67
2021-08-14,37.42,12.45,0.0,3.06,26.66
2021-08-15,36.16,14.72,0.0,3.07,26.42
2021-08-16,35.26,15.7,0.0,2.73,27.02
2021-08-17,34.93,16.61,0.0,2.26,26.86
2021-08-18,34.82,14.63,0.0,2.0,27.64
2021-08-19,33.68,14.26,0.0,1.47,27.82
2021-08-20,35.35,17.22,0.0,1.82,26.59
2021-08-21,35.42,19.19,0.0,3.15,27.07
2021-08-22,36.03,17.48,0.0,2.55,25.88
2021-08-23,36.62,16.18,0.0,1.94,26.24
2021-08-24,36.56,16.59,0.0,2.6,24.13
2021-08-25,36.48,20.71,0.0,2.46,25.13
2021-08-26,36.58,14.17,0.0,1.56,25.65
2021-08-27,36.15,11.01,0.0,4.76,26.32
2021-08-28,36.02,9.54,0.0,5.1,26.49
2021-08-29,35.72,10.34,0.0,3.45,25.77
2021-08-30,34.74,15.46,0.0,2.79,26.24
2021-08-31,34.79,15.3,0.0,2.35,25.56
2021-09-01,35.03,12.59,0.0,1.97,26.26
2021-09-02,34.7,14.53,0.0,1.97,25.38
2021-09-03,34.43,13.59,0.0,1.99,26.09
2021-09-04,35.29,12.98,0.0,2.87,23.9
2021-09-05,34.63,17.26,0.0,3.41,24.86
2021-09-06,34.67,15.97,0.0,2.71,25.21
2021-09-07,35.11,12.49,0.0,3.29,25.37
2021-09-08,34.95,11.53,0.0,4.08,24.87
2021-09-09,33.62,15.73,0.0,4.12,24.14
2021-09-10,32.61,15.27,0.0,3.89,25.86
2021-09-11,30.9,11.33,0.0,4.45,25.5
2021-09-12,31.13,12.81,0.0,3.53,25.29
2021-09-13,31.39,18.03,0.0,3.0,24.89
2021-09-14,31.19,18.19,0.0,2.94,25.3
2021-09-15,31.05,16.46,0.0,4.2,25.48
2021-09-16,30.03,13.1,0.0,3.29,25.6
2021-09-17,29.89,13.12,0.0,2.8,25.8
2021-09-18,31.29,16.4,0.0,3.57,24.85
2021-09-19,31.49,16.26,0.0,3.62,24.61
2021-09-20,31.47,17.43,0.0,2.9,23.81
2021-09-21,30.28,16.03,0.0,2.6,24.62
2021-09-22,30.5,17.62,0.0,2.98,24.79
2021-09-23,31.61,17.78,0.0,1.59,23.7
2021-09-24,31.32,16.35,0.0,2.57,24.58
2021-09-25,31.14,16.65,0.0,3.47,24.24
2021-09-26,30.14,23.23,0.0,3.3,23.78
2021-09-27,28.23,15.83,0.0,4.24,23.84
2021-09-28,26.58,13.66,0.0,3.43,23.78
2021-09-29,28.54,20.35,0.0,2.35,22.47
2021-09-30,30.6,13.77,0.0,1.46,22.15
2021-10-01,30.73,13.26,0.0,1.8,22.22
2021-10-02,31.23,14.03,0.0,1.59,22.9
2021-10-03,30.75,13.09,0.0,1.97,23.29
2021-10-04,29.99,21.42,0.0,2.66,21.93
2021-10-05,30.68,28.42,0.0,2.17,20.95
2021-10-06,29.78,23.1,0.0,2.11,22.18
2021-10-07,30.23,24.06,0.0,2.11,21.6
2021-10-08,30.14,24.44,0.0,2.59,21.97
2021-10-09,29.22,14.48,0.0,2.87,21.57
2021-10-10,29.26,14.63,0.0,2.48,21.99
2021-10-11,28.95,15.24,0.0,2.97,22.34
2021-10-12,29.21,14.27,0.0,2.31,22.24
2021-10-13,28.15,15.31,0.0,1.94,22.03
2021-10-14,28.89,19.36,0.0,2.0,21.52
2021-10-15,28.77,12.88,0.0,2.83,21.91
2021-10-16,29.61,16.0,0.0,3.3,21.55
2021-10-17,29.83,16.58,0.0,2.93,21.45
2021-10-18,28.22,20.09,0.0,2.38,20.99
2021-10-19,27.88,19.05,0.0,0.99,21.09
2021-10-20,29.76,15.03,0.0,1.64,21.48
2021-10-21,27.82,19.52,0.0,1.8,20.89
2021-10-22,25.38,26.5,0.0,1.7,20.62
2021-10-23,26.41,23.73,0.0,1.42,20.31
2021-10-24,27.66,19.1,0.0,3.66,20.51
2021-10-25,26.77,17.25,0.0,1.76,20.07
2021-10-26,25.75,19.7,0.0,2.75,20.16
2021-10-27,26.88,16.37,0.0,3.89,19.63
2021-10-28,27.02,16.41,0.0,3.56,19.38
2021-10-29,26.18,23.08,0.0,2.91,14.99
2021-10-30,25.19,35.46,0.0,3.1,18.06
2021-10-31,24.49,31.04,0.0,2.37,19.18
2021-11-01,25.3,22.64,0.0,1.01,19.08
2021-11-02,25.32,17.79,0.0,1.58,19.62
2021-11-03,26.38,15.8,0.0,1.18,19.2
2021-11-04,25.51,17.74,0.0,1.5,19.31
2021-11-05,23.82,27.67,0.0,1.57,18.8
2021-11-06,23.65,29.21,0.0,2.12,18.71
2021-11-07,23.08,25.5,0.0,1.68,18.41
2021-11-08,21.83,25.19,0.0,1.64,18.14
2021-11-09,21.06,27.16,0.0,1.42,18.23
2021-11-10,21.2,28.4,0.0,1.65,17.41
2021-11-11,22.63,25.64,0.0,4.27,17.65
2021-11-12,23.79,20.07,0.0,3.3,17.63
2021-11-13,21.1,26.05,0.0,1.72,17.71
2021-11-14,20.45,31.72,0.0,1.61,17.39
2021-11-15,20.91,24.81,0.0,1.47,17.23
2021-11-16,22.71,25.21,0.0,2.68,16.01
2021-11-17,21.26,32.84,0.0,2.89,16.46
2021-11-18,19.81,36.71,0.0,1.84,16.67
2021-11-19,20.0,38.2,0.0,2.51,15.47
2021-11-20,22.66,32.11,0.0,4.78,15.74
2021-11-21,23.96,28.64,0.0,3.54,15.74
2021-11-22,23.64,29.41,0.0,3.79,16.08
2021-11-23,21.52,46.23,0.0,3.04,15.92
2021-11-24,19.28,40.27,0.0,2.43,15.66
2021-11-25,20.08,37.39,0.0,2.36,17.04
2021-11-26,21.36,35.46,0.0,2.63,16.64
2021-11-27,22.0,33.53,0.0,2.76,16.22
2021-11-28,18.93,36.47,0.0,2.25,16.06
2021-11-29,17.92,29.14,0.0,2.51,17.03
2021-11-30,19.18,27.32,0.0,1.84,17.29
2021-12-01,18.66,25.3,0.0,2.04,16.77
2021-12-02,19.21,26.34,0.0,2.65,15.17
2021-12-03,15.69,43.84,0.0,2.62,15.19
2021-12-04,14.85,26.72,0.0,1.6,16.58
2021-12-05,16.63,27.48,0.0,1.85,16.89
2021-12-06,18.2,32.71,0.0,2.8,16.63
2021-12-07,17.15,33.1,0.0,1.78,16.02
2021-12-08,16.96,30.19,0.0,1.79,16.42
2021-12-09,17.42,32.21,0.0,1.81,15.61
2021-12-10,15.21,39.18,0.0,2.42,15.1
2021-12-11,14.35,45.56,0.0,1.59,16.16
2021-12-12,14.71,40.03,0.0,1.98,15.92
2021-12-13,13.76,28.87,0.0,1.53,15.9
2021-12-14,14.23,26.78,0.0,1.71,16.31
2021-12-15,14.29,38.46,0.0,2.63,12.04
2021-12-16,16.25,27.54,0.0,2.63,15.15
2021-12-17,17.29,37.56,0.0,3.79,12.7
2021-12-18,18.87,37.7,0.0,3.92,13.89
2021-12-19,19.29,35.42,0.0,3.08,13.17
2021-12-20,19.13,41.58,0.0,3.53,12.5
2021-12-21,19.42,38.99,0.0,3.56,14.18
2021-12-22,14.57,30.6,0.0,2.85,14.23
2021-12-23,15.63,23.89,0.0,1.98,14.69
2021-12-24,17.31,32.34,0.0,2.42,13.62
2021-12-25,16.08,43.3,0.01,2.76,11.18
2021-12-26,13.04,51.22,0.36,3.39,9.65
2021-12-27,13.59,53.18,0.0,1.98,10.81
2021-12-28,14.82,33.97,0.01,2.11,13.22
2021-12-29,16.34,37.52,1.08,2.79,5.09
2021-12-30,16.7,57.69,0.37,3.38,11.62
2021-12-31,14.33,72.38,0.25,2.56,8.47
2022-01-01,16.17,80.36,8.74,3.75,6.98
2022-01-02,18.53,66.0,3.01,4.19,11.78
2022-01-03,13.14,59.19,0.0,2.95,16.03
2022-01-04,11.56,58.5,0.0,2.94,17.07
2022-01-05,10.53,45.85,0.0,2.84,17.97
2022-01-06,10.42,50.2,0.0,2.51,17.74
2022-01-07,10.55,42.62,0.0,1.4,14.65
2022-01-08,12.73,36.9,0.0,1.21,16.75
2022-01-09,14.36,35.96,0.0,1.51,16.52
2022-01-10,15.6,37.85,0.0,2.92,16.51
2022-01-11,16.75,39.32,0.0,2.87,13.09
2022-01-12,18.02,40.21,0.0,1.56,16.49
2022-01-13,18.63,44.06,0.0,3.07,16.86
2022-01-14,18.66,37.19,11.35,3.51,12.48
2022-01-15,16.81,71.69,8.72,2.58,10.23
2022-01-16,14.79,54.89,1.02,2.04,16.98
2022-01-17,15.89,35.07,0.08,2.1,16.23
2022-01-18,12.3,58.01,0.28,3.53,6.12
2022-01-19,12.14,50.26,0.0,1.93,11.82
2022-01-20,12.95,48.36,0.0,3.25,15.5
2022-01-21,6.3,35.88,0.0,3.78,18.19
2022-01-22,6.9,32.96,0.0,1.46,17.09
2022-01-23,11.12,34.71,0.0,2.38,16.89
2022-01-24,14.99,36.27,0.0,2.4,17.31
2022-01-25,14.99,44.09,0.0,1.86,17.15
2022-01-26,16.32,36.01,0.0,3.98,17.65
2022-01-27,15.64,32.49,0.0,3.53,17.91
2022-01-28,10.87,38.17,0.0,3.09,15.05
2022-01-29,11.16,40.88,0.0,2.04,15.85
2022-01-30,11.95,44.27,0.0,2.6,14.83
2022-01-31,14.68,43.5,0.0,3.72,17.33
2022-02-01,16.51,34.19,0.0,4.05,16.68
2022-02-02,12.13,44.58,0.0,2.51,18.33
2022-02-03,15.17,40.33,0.0,2.76,18.89
2022-02-04,19.04,34.71,0.0,3.62,19.05
2022-02-05,16.53,34.79,0.0,4.3,18.14
2022-02-06,11.84,37.82,0.0,3.01,19.53
2022-02-07,11.77,42.04,0.0,2.08,19.28
2022-02-08,12.46,39.99,0.0,1.73,20.44
2022-02-09,13.62,34.44,0.0,1.49,20.62
2022-02-10,15.95,31.15,0.0,3.58,20.03
2022-02-11,17.66,27.15,0.0,3.09,20.01
2022-02-12,13.85,44.1,0.0,3.78,17.42
2022-02-13,11.95,35.99,0.0,3.66,21.1
2022-02-14,13.78,29.84,0.0,1.77,22.13
2022-02-15,15.71,22.63,0.0,1.2,21.96
2022-02-16,16.31,24.33,0.0,2.15,20.89
2022-02-17,15.34,29.46,0.0,2.95,21.01
2022-02-18,15.98,35.69,0.0,4.28,20.33
2022-02-19,19.6,24.04,0.0,5.07,20.11
2022-02-20,19.63,25.21,0.0,3.59,18.74
2022-02-21,15.01,32.17,0.0,4.22,22.17
2022-02-22,14.73,28.51,0.0,1.94,22.77
2022-02-23,16.45,22.52,0.0,2.07,22.4
2022-02-24,18.84,21.94,0.0,3.41,21.82
2022-02-25,21.31,22.59,0.0,2.86,19.27
2022-02-26,22.49,24.67,0.0,3.52,21.11
2022-02-27,18.29,30.08,0.0,3.4,20.18
2022-02-28,17.56,29.73,0.0,2.19,21.37
2022-03-01,18.63,29.91,0.0,1.63,22.07
2022-03-02,20.96,28.25,0.0,3.44,22.44
2022-03-03,23.04,20.74,0.0,4.67,23.42
2022-03-04,22.43,18.06,0.0,4.52,16.64
2022-03-05,17.43,30.62,0.0,2.31,16.67
2022-03-06,20.23,39.97,0.0,2.59,19.53
2022-03-07,24.03,22.77,0.0,3.18,18.83
2022-03-08,22.93,20.86,0.0,3.06,21.4
2022-03-09,22.79,24.5,0.0,2.94,20.29
2022-03-10,27.6,17.43,0.0,4.84,23.05
2022-03-11,28.39,18.74,0.0,2.81,20.98
2022-03-12,23.37,29.37,0.0,4.02,23.01
2022-03-13,21.86,28.29,0.0,3.02,23.09
2022-03-14,24.09,15.68,0.0,3.49,23.26
2022-03-15,25.8,16.91,0.0,3.72,23.89
2022-03-16,17.88,24.42,0.0,5.04,20.79
2022-03-17,13.17,14.59,0.0,4.57,21.99
2022-03-18,14.47,12.43,0.0,2.21,23.58
2022-03-19,17.63,11.66,0.0,1.55,25.33
2022-03-20,20.09,10.88,0.0,3.15,24.79
2022-03-21,22.38,10.08,0.0,3.28,21.15
2022-03-22,24.81,12.09,0.0,3.78,23.82
2022-03-23,26.41,14.31,0.0,2.6,23.37
2022-03-24,26.37,14.55,0.0,2.9,24.28
2022-03-25,20.09,20.19,0.0,3.07,23.07
2022-03-26,18.45,20.03,0.0,3.43,23.91
2022-03-27,17.29,21.18,0.0,3.46,23.75
2022-03-28,17.68,16.91,0.0,3.3,23.94
2022-03-29,18.34,16.9,0.0,3.09,24.67
2022-03-30,21.25,12.57,0.0,1.27,25.5
2022-03-31,24.32,12.4,0.0,1.57,26.54
2022-04-01,26.56,12.12,0.0,1.94,26.48
2022-04-02,26.17,13.36,0.0,1.56,25.93
2022-04-03,26.94,13.13,0.0,1.93,26.38
2022-04-04,28.38,10.86,0.0,2.34,26.1
2022-04-05,28.09,9.48,0.0,2.3,25.62
2022-04-06,26.8,11.65,0.0,2.88,26.83
2022-04-07,28.54,7.98,0.0,3.54,27.29
2022-04-08,26.97,8.73,0.0,2.11,27.01
2022-04-09,28.17,8.49,0.0,2.81,24.2
2022-04-10,26.66,17.23,0.0,2.25,24.71
2022-04-11,28.86,19.0,0.0,3.09,23.72
2022-04-12,30.93,18.14,0.0,3.7,24.33
2022-04-13,29.97,16.46,0.0,2.35,22.56
2022-04-14,29.05,21.38,0.0,3.35,17.36
2022-04-15,28.28,34.25,0.0,3.88,13.38
2022-04-16,30.04,28.71,0.0,3.25,19.25
2022-04-17,27.36,21.85,0.58,2.35,25.52
2022-04-18,25.61,14.42,0.0,2.43,26.61
2022-04-19,27.76,8.3,0.0,1.26,25.23
2022-04-20,28.99,12.09,0.0,3.16,22.65
2022-04-21,31.02,12.11,0.0,2.78,24.73
2022-04-22,26.37,20.38,0.0,2.72,14.75
2022-04-23,28.47,18.33,0.0,3.1,20.3
2022-04-24,29.03,16.1,0.01,3.35,18.29
2022-04-25,25.51,26.32,1.81,2.86,8.37
2022-04-26,28.1,28.38,0.0,3.09,25.33
2022-04-27,27.99,23.19,0.07,1.99,24.88
2022-04-28,25.27,40.0,0.79,3.14,15.4
2022-04-29,25.0,45.72,4.47,1.83,20.57
2022-04-30,26.96,37.88,0.96,2.94,26.47
2022-05-01,29.04,23.49,0.0,3.26,26.68
2022-05-02,27.96,19.41,0.0,2.63,26.36
2022-05-03,28.9,17.23,0.0,1.82,26.81
2022-05-04,30.61,18.39,0.0,2.97,26.45
2022-05-05,33.65,13.66,0.0,3.62,25.0
2022-05-06,32.63,15.44,0.0,3.23,20.12
2022-05-07,30.43,18.32,0.0,3.42,23.23
2022-05-08,27.79,16.62,0.0,3.63,24.77
2022-05-09,27.5,16.57,0.0,2.19,25.67
2022-05-10,28.71,13.85,0.0,1.42,25.36
2022-05-11,31.57,13.69,0.0,2.83,25.73
2022-05-12,29.83,12.87,0.0,2.55,27.84
2022-05-13,29.09,13.92,0.0,4.45,28.35
2022-05-14,27.32,12.63,0.0,5.37,28.96
2022-05-15,28.04,9.7,0.0,4.53,29.92
2022-05-16,30.49,7.53,0.0,2.88,29.74
2022-05-17,30.56,13.72,0.0,2.94,24.26
2022-05-18,31.76,12.67,0.0,1.69,26.91
2022-05-19,33.17,13.64,0.0,1.33,26.91
2022-05-20,33.11,13.91,0.0,1.4,27.06
2022-05-21,33.9,10.11,0.0,1.95,27.2
2022-05-22,33.02,11.91,0.0,2.27,26.82
2022-05-23,34.46,8.96,0.0,3.13,27.1
2022-05-24,30.81,13.4,0.0,3.69,24.26
2022-05-25,30.67,13.96,0.0,2.82,24.03
2022-05-26,31.5,14.41,0.0,2.71,23.85
2022-05-27,31.62,14.32,0.0,3.2,25.94
2022-05-28,32.2,12.79,0.0,2.48,25.94
2022-05-29,32.13,11.33,0.0,2.43,26.76
2022-05-30,32.39,11.25,0.0,1.86,27.58
2022-05-31,33.07,10.59,0.0,3.07,27.44
2022-06-01,33.01,8.08,0.0,3.43,27.78
2022-06-02,32.45,10.42,0.0,3.15,29.05
2022-06-03,33.13,14.13,0.0,2.25,29.11
2022-06-04,34.53,8.22,0.0,2.11,29.48
2022-06-05,35.43,7.0,0.0,1.52,29.29
2022-06-06,35.55,6.76,0.0,1.51,30.09
2022-06-07,35.47,8.07,0.0,2.2,29.61
2022-06-08,36.21,7.59,0.0,2.12,29.16
2022-06-09,36.56,7.68,0.0,2.1,29.32
2022-06-10,36.38,8.16,0.0,1.91,29.17
2022-06-11,35.14,12.76,0.0,2.86,28.23
2022-06-12,35.26,11.98,0.0,2.57,28.23
2022-06-13,34.37,10.86,0.0,1.91,27.66
2022-06-14,34.79,9.96,0.0,2.81,28.76
2022-06-15,34.42,15.48,0.0,2.93,28.26
2022-06-16,35.27,14.92,0.0,2.59,27.52
2022-06-17,35.48,14.52,0.0,3.63,27.44
2022-06-18,35.22,10.4,0.0,4.55,27.85
2022-06-19,36.08,7.32,0.0,2.29,28.16
2022-06-20,37.11,7.84,0.0,2.72,28.89
2022-06-21,36.84,8.83,0.0,3.58,28.95
2022-06-22,37.2,10.1,0.0,1.85,27.87
2022-06-23,37.41,9.27,0.0,3.79,27.26
2022-06-24,35.69,19.95,0.0,3.06,27.11
2022-06-25,37.51,14.44,0.0,1.57,26.04
2022-06-26,37.61,10.47,0.0,4.18,27.51
2022-06-27,34.84,14.56,0.0,4.34,25.72
2022-06-28,34.5,12.53,0.0,4.06,28.18
2022-06-29,34.33,11.09,0.0,4.23,28.21
2022-06-30,35.49,10.56,0.0,4.2,28.25
2022-07-01,36.23,11.67,0.0,2.97,29.05
2022-07-02,36.17,11.42,0.0,3.7,29.17
2022-07-03,35.67,12.35,0.0,3.46,28.53
2022-07-04,34.95,13.71,0.0,4.5,28.0
2022-07-05,35.1,14.38,0.0,4.31,26.62
2022-07-06,35.05,13.53,0.0,4.27,27.68
2022-07-07,34.83,12.48,0.0,3.11,20.55
2022-07-08,36.13,11.0,0.0,3.63,24.91
2022-07-09,36.13,12.21,0.0,4.14,24.99
2022-07-10,35.6,10.18,0.0,4.12,23.33
2022-07-11,35.36,12.52,0.0,4.7,21.26
2022-07-12,32.93,25.83,0.0,4.96,16.52
2022-07-13,34.44,21.64,0.0,4.01,23.53
2022-07-14,35.51,12.97,0.0,4.88,25.34
2022-07-15,36.01,11.09,0.0,4.83,24.62
2022-07-16,36.1,10.97,0.0,4.47,26.99
2022-07-17,36.31,12.94,0.0,3.31,24.1
2022-07-18,37.53,11.99,0.0,1.95,26.24
2022-07-19,37.75,11.23,0.0,3.98,25.65
2022-07-20,37.36,10.6,0.0,4.75,26.14
2022-07-21,37.38,9.87,0.0,3.25,24.85
2022-07-22,37.58,13.22,0.0,3.5,25.86
2022-07-23,38.56,18.13,0.0,2.39,25.76
2022-07-24,38.25,15.11,0.0,1.98,25.98
2022-07-25,38.75,14.64,0.0,3.26,24.78
2022-07-26,36.86,13.37,0.0,3.3,20.54
2022-07-27,35.22,13.17,0.0,2.53,21.05
2022-07-28,34.86,16.7,0.04,3.22,12.98
2022-07-29,32.27,36.09,0.31,3.08,20.36
2022-07-30,34.19,36.13,0.36,2.54,23.18
2022-07-31,34.11,44.26,0.0,2.07,18.29
2022-08-01,33.44,49.48,0.56,2.21,16.56
2022-08-02,34.87,37.82,0.0,3.02,23.42
2022-08-03,36.76,28.83,0.0,2.34,25.16
2022-08-04,37.67,24.82,0.0,2.27,24.48
2022-08-05,38.97,21.66,0.0,2.5,20.65
2022-08-06,39.55,17.85,0.0,2.33,24.97
2022-08-07,38.97,15.9,0.0,3.6,24.98
2022-08-08,38.48,21.87,0.0,2.39,25.08
2022-08-09,38.93,18.59,0.0,4.1,24.85
2022-08-10,38.67,13.45,0.0,4.82,22.94
2022-08-11,37.76,16.05,0.0,3.72,22.21
2022-08-12,37.68,16.83,0.0,5.56,22.8
2022-08-13,37.57,14.62,0.0,5.52,23.6
2022-08-14,36.44,14.39,0.0,3.66,25.01
2022-08-15,36.3,15.98,0.0,2.28,24.62
2022-08-16,36.14,14.55,0.0,2.73,25.77
2022-08-17,36.42,12.86,0.0,4.04,25.23
2022-08-18,36.44,13.07,0.0,2.32,24.62
2022-08-19,36.82,10.75,0.0,3.27,25.73
2022-08-20,36.68,12.38,0.0,3.45,25.91
2022-08-21,37.16,11.76,0.0,2.87,23.89
2022-08-22,36.54,13.59,0.0,1.66,24.33
2022-08-23,35.99,15.0,0.0,2.28,24.75
2022-08-24,35.05,17.12,0.0,2.2,25.33
2022-08-25,34.78,14.75,0.0,1.85,20.48
2022-08-26,34.18,15.24,0.0,1.87,23.84
2022-08-27,33.98,18.3,0.0,2.26,24.31
2022-08-28,33.35,14.74,0.0,2.06,26.27
2022-08-29,33.48,12.52,0.0,2.07,26.72
2022-08-30,33.54,14.4,0.0,2.42,26.18
2022-08-31,32.39,18.09,0.0,2.29,25.73
2022-09-01,33.23,18.87,0.0,2.51,25.17
2022-09-02,33.66,14.49,0.0,2.02,25.94
2022-09-03,34.49,12.84,0.0,2.2,25.46
2022-09-04,34.38,14.75,0.0,2.18,24.83
2022-09-05,35.31,13.62,0.0,1.29,25.16
2022-09-06,35.37,10.79,0.0,1.62,25.1
2022-09-07,35.12,12.54,0.0,2.36,25.16
2022-09-08,34.42,14.26,0.0,3.33,25.08
2022-09-09,34.79,14.6,0.0,1.99,23.93
2022-09-10,34.67,18.46,0.0,1.65,23.93
2022-09-11,34.68,18.13,0.0,2.12,24.05
2022-09-12,34.7,11.96,0.0,1.91,24.59
2022-09-13,34.97,11.35,0.0,1.41,25.03
2022-09-14,33.83,14.05,0.0,2.16,24.81
2022-09-15,33.2,14.72,0.0,2.29,24.4
2022-09-16,32.36,18.75,0.0,1.92,23.69
2022-09-17,31.98,16.95,0.0,1.66,23.52
2022-09-18,32.36,16.78,0.0,1.39,23.01
2022-09-19,32.32,15.01,0.0,2.38,24.34
2022-09-20,31.23,19.95,0.0,2.27,23.78
2022-09-21,30.8,25.55,0.0,1.86,21.94
2022-09-22,32.16,16.82,0.0,2.79,22.88
2022-09-23,32.47,13.47,0.0,1.77,22.6
2022-09-24,31.21,15.9,0.0,3.88,23.26
2022-09-25,29.66,17.53,0.0,4.82,22.5
2022-09-26,29.6,22.86,0.0,4.66,20.66
2022-09-27,28.83,11.55,0.0,3.56,23.22
2022-09-28,29.31,13.41,0.0,2.03,23.55
2022-09-29,29.39,14.0,0.0,1.84,23.77
2022-09-30,27.47,15.87,0.0,1.91,23.96
2022-10-01,28.23,15.25,0.0,2.27,23.19
2022-10-02,29.86,15.37,0.0,1.7,22.51
2022-10-03,29.15,15.15,0.0,1.98,22.37
2022-10-04,28.66,20.35,0.0,1.76,22.2
2022-10-05,28.84,20.5,0.0,1.76,22.43
2022-10-06,29.89,13.05,0.0,1.22,22.61
2022-10-07,29.53,11.94,0.0,1.34,21.99
2022-10-08,28.86,12.74,0.0,2.12,21.96
2022-10-09,28.01,18.14,0.0,2.49,22.09
2022-10-10,28.3,17.94,0.0,2.19,22.7
2022-10-11,28.11,13.6,0.0,1.84,22.78
2022-10-12,27.14,17.8,0.0,2.54,22.04
2022-10-13,26.97,26.35,0.0,2.38,21.07
2022-10-14,26.87,20.95,0.0,2.03,20.98
2022-10-15,27.13,18.15,0.0,1.54,21.65
2022-10-16,26.91,16.3,0.0,2.21,22.0
2022-10-17,26.95,16.66,0.0,2.45,21.53
2022-10-18,27.24,14.4,0.0,1.82,20.94
2022-10-19,27.64,13.59,0.0,1.77,20.63
2022-10-20,27.19,14.61,0.0,1.66,20.89
2022-10-21,26.45,14.02,0.0,2.69,21.08
2022-10-22,25.97,14.1,0.0,2.77,20.91
2022-10-23,25.98,15.0,0.0,2.03,20.53
2022-10-24,26.57,15.95,0.0,1.47,19.95
2022-10-25,26.19,17.58,0.0,1.86,19.76
2022-10-26,25.29,17.63,0.0,2.08,20.25
2022-10-27,24.95,17.74,0.0,1.89,19.53
2022-10-28,25.34,15.02,0.0,2.08,20.47
2022-10-29,25.24,15.64,0.0,2.02,19.87
2022-10-30,25.07,15.0,0.0,2.07,19.28
2022-10-31,24.96,17.41,0.0,2.62,19.62
2022-11-01,25.64,28.09,0.0,3.11,19.44
2022-11-02,25.75,28.52,0.0,3.81,19.05
2022-11-03,26.22,28.9,0.0,4.03,18.35
2022-11-04,23.53,45.73,0.0,3.09,16.69
2022-11-05,23.85,42.5,0.0,3.46,14.54
2022-11-06,25.58,34.81,0.0,4.35,17.38
2022-11-07,25.75,22.58,0.0,2.86,18.6
2022-11-08,25.05,20.25,0.0,3.65,18.08
2022-11-09,25.14,17.89,0.0,2.76,18.06
2022-11-10,25.54,17.79,0.0,4.16,17.65
2022-11-11,24.81,23.31,0.0,3.84,15.31
2022-11-12,24.78,29.71,0.0,3.13,16.35
2022-11-13,24.47,32.25,0.0,1.91,17.1
2022-11-14,23.7,31.78,0.0,2.29,17.16
2022-11-15,23.59,25.33,0.0,3.37,17.43
2022-11-16,23.58,27.73,0.0,3.65,17.69
2022-11-17,23.64,26.89,0.0,3.87,14.7
2022-11-18,24.16,25.06,0.0,2.3,17.19
2022-11-19,21.28,52.91,0.0,3.02,14.41
2022-11-20,19.97,45.26,0.0,3.49,15.4
2022-11-21,18.64,37.08,0.0,2.91,16.83
2022-11-22,18.2,31.48,0.0,2.06,17.77
2022-11-23,19.34,26.17,0.0,0.99,17.68
2022-11-24,20.13,25.3,0.0,2.78,14.36
2022-11-25,21.82,28.89,0.0,3.41,15.54
2022-11-26,22.39,30.93,0.0,2.81,16.52
2022-11-27,22.13,30.93,0.0,2.32,16.88
2022-11-28,21.43,28.73,0.0,1.74,16.64
2022-11-29,20.85,29.78,0.0,1.9,12.56
2022-11-30,20.87,30.36,0.0,2.18,15.22
2022-12-01,21.07,27.06,0.0,1.99,11.26
2022-12-02,21.4,28.57,0.0,1.33,15.93
2022-12-03,20.92,32.46,0.0,2.05,15.84
2022-12-04,20.65,33.12,0.0,2.73,15.88
2022-12-05,21.42,33.05,0.0,3.85,13.61
2022-12-06,21.47,34.33,0.0,3.84,14.4
2022-12-07,18.69,41.74,0.0,2.63,10.05
2022-12-08,18.22,69.5,0.0,2.33,13.05
2022-12-09,17.74,59.44,0.34,2.46,8.65
2022-12-10,13.09,70.13,32.62,2.84,7.91
2022-12-11,13.83,55.59,0.0,1.17,16.19
2022-12-12,14.96,54.2,0.0,2.18,15.17
2022-12-13,16.56,51.38,0.0,2.84,14.88
2022-12-14,17.48,48.71,0.0,2.94,13.56
2022-12-15,18.61,46.92,0.0,2.69,13.08
2022-12-16,17.91,49.89,0.0,2.31,13.52
2022-12-17,15.89,68.99,0.0,2.42,14.5
2022-12-18,14.88,62.08,0.0,1.59,14.66
2022-12-19,14.0,52.6,0.0,1.74,15.87
2022-12-20,14.15,43.22,0.0,1.26,16.48
2022-12-21,14.49,43.97,0.0,1.64,15.61
2022-12-22,16.38,39.39,0.0,2.52,11.96
2022-12-23,17.41,37.49,1.8,5.27,7.98
2022-12-24,15.92,54.9,0.01,2.74,15.29
2022-12-25,14.0,55.26,0.01,1.86,15.11
2022-12-26,14.28,62.96,0.02,2.79,13.51
2022-12-27,14.06,59.78,0.0,3.42,15.22
2022-12-28,10.46,61.14,0.0,3.19,17.22
2022-12-29,9.64,59.92,0.0,1.87,16.85
2022-12-30,9.33,76.39,3.73,1.49,3.72
2022-12-31,11.93,72.63,4.47,1.37,8.4
2023-01-01,12.23,74.89,0.27,1.87,9.12
2023-01-02,11.17,83.83,11.94,1.69,6.28
2023-01-03,13.34,86.85,7.87,2.67,7.94
2023-01-04,15.65,78.88,9.55,4.42,8.53
2023-01-05,15.36,75.81,19.88,2.29,5.15
2023-01-06,11.48,85.12,10.04,2.78,4.85
2023-01-07,12.75,82.22,8.74,1.11,9.19
2023-01-08,12.52,84.13,0.9,1.65,12.3
2023-01-09,14.44,79.22,0.01,4.2,11.33
2023-01-10,14.33,69.59,0.21,3.96,13.74
2023-01-11,9.82,72.68,0.0,2.64,10.51
2023-01-12,10.65,65.94,0.0,2.09,11.83
2023-01-13,11.12,75.6,0.16,2.52,12.92
2023-01-14,14.63,81.65,3.07,4.07,9.08
2023-01-15,16.37,77.15,1.68,2.58,12.12
2023-01-16,16.27,75.01,0.0,3.16,13.04
2023-01-17,15.46,68.04,0.0,4.15,10.33
2023-01-18,10.44,68.61,0.0,3.2,17.5
2023-01-19,10.06,60.84,0.0,2.58,18.43
2023-01-20,10.9,59.82,0.0,1.23,17.92
2023-01-21,12.42,55.78,0.0,1.95,16.91
2023-01-22,13.34,56.31,0.01,2.16,14.94
2023-01-23,13.9,62.88,1.43,2.0,11.53
2023-01-24,14.5,73.89,0.37,2.34,9.82
2023-01-25,13.94,84.4,2.89,2.39,7.02
2023-01-26,14.07,80.86,1.65,2.31,12.89
2023-01-27,11.6,74.02,0.0,2.22,17.87
2023-01-28,10.2,53.38,0.0,1.35,19.05
2023-01-29,12.52,50.94,0.0,2.04,19.3
2023-01-30,14.42,50.45,0.0,3.23,18.78
2023-01-31,17.22,45.28,0.0,4.42,18.08
2023-02-01,19.15,54.27,0.0,2.59,17.11
2023-02-02,16.97,60.53,0.0,2.12,18.17
2023-02-03,11.96,58.11,0.0,3.18,18.77
2023-02-04,12.74,54.36,0.0,2.47,17.58
2023-02-05,16.16,61.74,0.0,2.9,18.13
2023-02-06,18.37,52.67,0.0,4.82,18.11
2023-02-07,17.56,48.48,0.0,3.54,18.4
2023-02-08,14.37,47.6,0.0,2.06,18.28
2023-02-09,11.81,48.66,0.0,2.84,18.89
2023-02-10,11.81,49.43,0.0,2.33,19.39
2023-02-11,13.08,49.84,0.0,3.67,19.55
2023-02-12,16.94,44.0,0.0,3.93,17.79
2023-02-13,15.79,52.19,0.0,2.7,19.8
2023-02-14,15.41,54.77,0.0,2.96,19.34
2023-02-15,19.51,44.48,0.0,3.33,19.79
2023-02-16,13.28,55.21,0.0,4.53,17.92
2023-02-17,10.98,50.88,0.0,4.19,16.77
2023-02-18,10.38,40.5,0.0,3.09,18.94
2023-02-19,11.34,38.3,0.0,2.36,20.3
2023-02-20,13.65,38.86,0.0,1.11,20.16
2023-02-21,16.23,36.8,0.0,2.5,19.16
2023-02-22,17.71,31.48,0.0,2.61,21.28
2023-02-23,18.5,28.68,0.0,3.47,21.67
2023-02-24,18.91,36.98,0.0,2.66,21.85
2023-02-25,19.14,42.43,0.0,2.44,21.81
2023-02-26,21.59,37.97,0.0,3.04,21.24
2023-02-27,21.45,44.62,0.0,1.76,21.84
2023-02-28,18.83,59.12,0.0,3.3,21.03
2023-03-01,17.2,53.74,0.0,1.37,14.1
2023-03-02,19.66,42.38,0.0,1.02,21.71
2023-03-03,19.69,38.43,0.0,2.49,22.71
2023-03-04,21.09,38.17,0.0,3.03,22.23
2023-03-05,22.82,33.82,0.0,2.98,22.09
2023-03-06,23.15,30.43,0.0,4.22,22.26
2023-03-07,23.28,24.06,0.0,4.11,20.29
2023-03-08,23.54,25.85,0.0,4.4,19.12
2023-03-09,24.46,28.23,0.12,4.7,19.91
2023-03-10,21.85,52.15,0.2,4.78,18.36
2023-03-11,19.87,51.53,0.21,3.33,21.15
2023-03-12,19.62,58.69,4.18,2.7,14.77
2023-03-13,21.34,66.95,0.85,2.66,20.2
2023-03-14,22.19,60.08,0.0,1.61,21.31
2023-03-15,24.28,48.93,3.91,3.2,19.83
2023-03-16,20.17,50.35,5.12,3.34,23.12
2023-03-17,19.94,46.44,0.0,2.33,22.7
2023-03-18,20.92,50.44,0.57,2.7,14.55
2023-03-19,22.36,46.46,0.0,3.04,24.61
2023-03-20,19.97,30.95,0.17,2.3,25.96
2023-03-21,17.61,36.41,0.0,3.66,26.32
2023-03-22,17.53,38.85,0.0,2.81,25.27
2023-03-23,18.14,38.45,0.0,1.39,24.95
2023-03-24,19.58,37.83,0.0,1.82,21.41
2023-03-25,22.12,32.48,0.0,4.17,22.97
2023-03-26,22.66,49.39,1.95,4.65,13.22
2023-03-27,22.0,55.72,1.24,1.61,23.41
2023-03-28,20.51,41.14,0.16,2.12,25.09
2023-03-29,20.23,30.2,0.0,2.21,27.2
2023-03-30,22.74,30.25,0.06,2.88,22.64
2023-03-31,24.49,31.73,0.3,5.31,24.64
2023-04-01,17.74,31.25,0.36,4.07,25.1
2023-04-02,16.62,26.59,0.0,2.74,22.83
2023-04-03,17.73,24.89,0.0,2.0,25.52
2023-04-04,20.58,21.43,0.0,1.72,25.39
2023-04-05,22.43,23.62,0.0,0.84,23.98
2023-04-06,23.59,29.54,0.0,1.92,22.13
2023-04-07,24.82,34.34,0.0,2.14,15.05
2023-04-08,20.25,47.5,0.02,3.08,20.39
2023-04-09,22.32,36.98,0.0,1.9,27.08
2023-04-10,23.04,30.17,0.0,2.44,23.22
2023-04-11,24.69,44.6,0.0,4.23,23.36
2023-04-12,27.65,36.09,1.49,5.23,24.65
2023-04-13,24.41,59.83,11.94,3.25,21.22
2023-04-14,21.91,55.17,0.0,3.03,14.17
2023-04-15,20.27,54.79,1.32,1.97,18.36
2023-04-16,20.78,73.46,7.82,2.36,17.04
2023-04-17,22.42,73.03,3.11,1.89,10.37
2023-04-18,24.72,56.26,0.0,1.64,23.91
2023-04-19,22.04,64.68,0.36,1.74,20.01
2023-04-20,24.23,48.02,0.0,1.23,27.65
2023-04-21,25.31,32.92,0.0,0.94,27.15
2023-04-22,27.1,32.3,0.0,1.09,23.47
2023-04-23,26.92,44.4,0.0,2.43,26.17
2023-04-24,28.01,38.43,0.11,2.62,24.92
2023-04-25,26.85,39.83,0.0,3.02,25.05
2023-04-26,25.19,49.39,0.15,3.1,18.88
2023-04-27,25.96,45.91,0.0,1.54,27.64
2023-04-28,26.55,36.24,0.0,3.77,20.78
2023-04-29,27.4,38.43,3.64,3.34,26.01
2023-04-30,27.12,28.24,0.0,2.41,27.77
2023-05-01,27.28,21.71,0.0,3.06,28.4
2023-05-02,25.98,22.59,0.0,3.83,26.8
2023-05-03,26.54,25.17,0.0,2.18,26.49
2023-05-04,26.77,24.58,0.0,2.57,26.0
2023-05-05,26.97,22.79,0.0,2.06,26.35
2023-05-06,28.76,19.69,0.0,2.93,27.04
2023-05-07,30.84,17.53,0.0,3.5,27.24
2023-05-08,31.71,18.53,0.0,2.75,26.93
2023-05-09,30.68,18.72,0.0,3.51,24.5
2023-05-10,31.24,17.55,0.0,3.07,27.02
2023-05-11,31.62,16.36,0.0,3.86,22.05
2023-05-12,32.57,15.63,0.0,3.13,28.63
2023-05-13,33.46,14.22,0.0,3.32,28.13
2023-05-14,31.34,16.06,0.0,3.25,26.81
2023-05-15,29.69,15.67,0.0,2.92,24.23
2023-05-16,31.34,16.92,0.37,3.72,22.53
2023-05-17,32.31,18.38,0.36,4.82,27.73
2023-05-18,31.64,25.1,0.89,4.2,14.31
2023-05-19,29.96,35.03,0.29,4.99,24.25
2023-05-20,31.85,26.37,0.36,2.34,23.21
2023-05-21,30.93,30.74,0.0,3.3,23.77
2023-05-22,32.45,26.24,0.0,2.37,26.63
2023-05-23,32.45,26.44,0.0,3.16,17.1
2023-05-24,32.45,24.73,0.0,2.7,19.92
2023-05-25,33.19,19.48,0.0,1.07,24.01
2023-05-26,33.87,19.84,0.0,1.26,21.77
2023-05-27,33.78,21.23,0.63,1.84,26.54
2023-05-28,34.66,21.24,0.0,2.84,26.99
2023-05-29,33.82,28.3,0.3,1.21,21.03
2023-05-30,31.8,34.27,0.0,5.58,17.5
2023-05-31,33.01,27.72,0.0,3.04,21.53
2023-06-01,33.99,30.41,0.0,1.06,24.41
2023-06-02,33.39,25.65,0.0,2.13,24.97
2023-06-03,32.95,16.01,0.0,3.42,28.33
2023-06-04,33.86,17.74,0.0,3.43,27.45
2023-06-05,34.24,17.56,0.0,3.28,27.25
2023-06-06,34.14,16.6,0.0,3.4,27.53
2023-06-07,34.5,18.71,0.0,1.38,28.02
2023-06-08,35.22,15.25,0.0,3.08,29.3
2023-06-09,33.59,13.82,0.0,4.61,29.66
2023-06-10,34.58,14.22,0.0,2.47,28.81
2023-06-11,36.1,14.29,0.0,2.11,28.32
2023-06-12,36.37,15.24,0.0,2.9,27.14
2023-06-13,36.42,14.11,0.0,3.39,29.39
2023-06-14,34.83,16.17,0.0,5.01,29.1
2023-06-15,36.16,14.11,0.0,2.78,27.88
2023-06-16,34.74,13.93,0.0,5.01,28.6
2023-06-17,33.31,14.84,0.0,4.1,29.95
2023-06-18,33.4,15.83,0.0,4.77,29.74
2023-06-19,34.5,15.48,0.0,4.52,28.81
2023-06-20,34.17,14.99,0.0,4.11,28.18
2023-06-21,34.61,13.85,0.0,2.99,28.37
2023-06-22,34.39,16.26,0.0,1.81,28.15
2023-06-23,35.27,14.73,0.0,1.72,28.59
2023-06-24,37.08,11.73,0.0,3.71,29.18
2023-06-25,36.22,12.61,0.0,3.16,29.35
2023-06-26,35.09,12.93,0.0,4.05,28.52
2023-06-27,35.36,12.68,0.0,3.84,27.89
2023-06-28,35.73,11.56,0.0,2.82,28.53
2023-06-29,35.55,9.89,0.0,2.87,29.45
2023-06-30,35.91,9.81,0.0,2.4,29.38
2023-07-01,36.59,12.34,0.0,1.53,28.61
2023-07-02,36.41,12.68,0.0,2.44,28.12
2023-07-03,35.67,15.0,0.0,2.38,27.76
2023-07-04,35.88,15.16,0.0,2.63,27.82
2023-07-05,35.14,10.54,0.0,4.27,29.41
2023-07-06,35.17,10.77,0.0,3.63,29.04
2023-07-07,36.01,11.03,0.0,3.19,27.83
2023-07-08,36.92,10.48,0.0,3.05,28.17
2023-07-09,36.96,11.75,0.0,1.86,28.74
2023-07-10,37.13,11.79,0.0,1.69,29.31
2023-07-11,37.54,10.97,0.0,1.46,28.8
2023-07-12,37.23,12.11,0.0,2.67,27.66
2023-07-13,36.52,14.23,0.0,5.53,25.27
2023-07-14,35.92,7.81,0.0,3.74,28.63
2023-07-15,37.02,7.54,0.0,4.17,27.63
2023-07-16,36.77,10.05,0.0,2.92,27.33
2023-07-17,36.99,8.51,0.0,2.29,28.08
2023-07-18,37.67,8.01,0.0,3.35,27.9
2023-07-19,37.52,11.08,0.0,2.79,28.31
2023-07-20,37.26,11.89,0.0,2.02,28.1
2023-07-21,37.67,10.32,0.0,1.22,27.43
2023-07-22,36.95,11.27,0.0,2.22,27.23
2023-07-23,37.32,9.69,0.0,3.32,26.71
2023-07-24,37.34,11.46,0.0,2.61,26.3
2023-07-25,38.21,9.85,0.0,1.23,24.05
2023-07-26,37.95,10.87,0.0,2.89,26.94
2023-07-27,37.49,13.94,0.0,2.35,26.48
2023-07-28,37.67,12.24,0.0,2.06,26.25
2023-07-29,37.53,11.68,0.0,1.23,26.37
2023-07-30,37.78,12.42,0.0,1.86,26.84
2023-07-31,38.17,10.55,0.0,2.46,27.81
2023-08-01,38.05,10.92,0.0,2.49,27.93
2023-08-02,38.09,10.49,0.0,2.04,27.38
2023-08-03,38.72,10.64,0.0,3.15,26.4
2023-08-04,37.3,12.45,0.0,4.61,26.9
2023-08-05,36.51,11.5,0.0,4.09,27.9
2023-08-06,36.25,10.79,0.0,3.4,26.53
2023-08-07,36.41,12.49,0.0,2.84,27.06
2023-08-08,35.99,11.11,0.0,3.86,27.54
2023-08-09,35.78,10.25,0.0,3.21,27.66
2023-08-10,36.43,9.97,0.0,3.38,27.32
2023-08-11,36.33,14.3,0.0,2.41,25.5
2023-08-12,36.86,13.89,0.0,2.51,25.25
2023-08-13,38.27,17.3,0.0,1.52,22.6
2023-08-14,37.94,14.82,0.0,2.61,25.11
2023-08-15,38.22,10.66,0.0,2.4,25.25
2023-08-16,36.86,14.8,0.0,2.58,25.84
2023-08-17,36.88,21.78,0.0,2.76,24.85
2023-08-18,36.96,18.9,0.0,3.66,24.37
2023-08-19,36.61,17.35,0.0,3.57,24.03
2023-08-20,36.95,15.83,0.0,2.03,20.77
2023-08-21,36.55,19.17,0.0,2.46,23.33
2023-08-22,35.37,17.27,0.0,2.54,25.51
2023-08-23,36.25,14.8,0.0,1.66,26.07
2023-08-24,38.01,12.25,0.0,1.78,25.54
2023-08-25,37.2,11.42,0.0,4.47,25.67
2023-08-26,36.51,12.02,0.0,3.42,25.21
2023-08-27,36.2,11.76,0.0,2.51,26.07
2023-08-28,36.32,13.32,0.0,1.8,25.51
2023-08-29,37.16,14.59,0.0,2.41,24.08
2023-08-30,37.14,13.89,0.0,3.76,23.27
2023-08-31,34.68,21.47,0.0,3.65,24.47
2023-09-01,34.52,18.19,0.0,3.02,24.74
2023-09-02,34.18,15.15,0.0,2.93,25.66
2023-09-03,33.64,16.43,0.0,3.21,25.32
2023-09-04,34.43,15.25,0.0,1.34,24.55
2023-09-05,35.44,13.22,0.0,1.01,24.93
2023-09-06,36.2,13.24,0.0,1.98,23.8
2023-09-07,35.21,12.81,0.0,3.69,24.47
2023-09-08,34.98,13.55,0.0,2.65,24.21
2023-09-09,35.12,13.81,0.0,1.87,24.62
2023-09-10,35.55,13.3,0.0,1.99,24.2
2023-09-11,36.67,12.52,0.0,2.68,22.44
2023-09-12,35.33,17.43,0.0,2.88,23.96
2023-09-13,35.14,16.96,0.0,2.37,23.82
2023-09-14,35.32,12.07,0.0,2.48,24.08
2023-09-15,33.74,16.48,0.0,3.71,22.65
2023-09-16,33.22,17.79,0.0,2.23,23.74
2023-09-17,34.42,14.88,0.0,1.79,21.57
2023-09-18,34.26,13.82,0.0,2.41,22.93
2023-09-19,33.82,15.22,0.0,2.64,22.95
2023-09-20,32.71,14.98,0.0,3.27,23.24
2023-09-21,32.58,14.3,0.0,3.11,23.06
2023-09-22,34.13,11.75,0.0,2.05,23.91
2023-09-23,33.64,11.19,0.0,3.41,23.76
2023-09-24,32.44,15.26,0.0,2.6,23.16
2023-09-25,33.09,12.88,0.0,1.81,23.17
2023-09-26,33.07,12.26,0.0,1.88,21.95
2023-09-27,32.56,14.92,0.0,1.66,23.26
2023-09-28,31.27,12.64,0.0,2.75,23.71
2023-09-29,32.25,10.89,0.0,1.85,23.42
2023-09-30,31.22,12.46,0.0,2.19,22.99
2023-10-01,29.65,16.42,0.0,1.98,22.87
2023-10-02,30.97,15.92,0.0,1.53,23.14
2023-10-03,32.19,14.61,0.0,1.85,22.66
2023-10-04,32.54,14.89,0.0,2.08,22.51
2023-10-05,32.24,17.41,0.0,3.07,22.23
2023-10-06,30.36,25.55,0.0,2.67,21.45
2023-10-07,30.49,20.11,0.0,2.75,22.23
2023-10-08,30.9,20.4,0.0,3.07,22.23
2023-10-09,30.94,21.24,0.0,2.2,21.67
2023-10-10,29.57,18.94,0.0,1.8,22.07
2023-10-11,30.43,14.12,0.0,1.57,22.02
2023-10-12,30.82,11.88,0.0,1.19,22.15
2023-10-13,29.24,15.74,0.0,2.55,22.28
2023-10-14,29.76,17.5,0.0,2.45,21.97
2023-10-15,29.42,17.4,0.0,1.94,21.54
2023-10-16,29.7,14.23,0.0,2.2,21.0
2023-10-17,28.6,16.26,0.0,1.54,20.68
2023-10-18,27.81,20.56,0.0,3.09,20.57
2023-10-19,27.46,18.2,0.0,3.06,21.34
2023-10-20,27.41,20.35,0.0,3.16,21.41
2023-10-21,27.87,22.27,0.0,2.24,19.55
2023-10-22,27.73,22.14,0.0,2.28,18.95
2023-10-23,26.79,28.73,0.0,2.12,19.54
2023-10-24,26.91,31.05,0.0,2.58,19.24
2023-10-25,26.35,34.88,0.0,2.69,18.81
2023-10-26,25.61,44.38,0.0,2.67,17.99
2023-10-27,25.14,44.44,0.0,1.76,17.8
2023-10-28,24.82,36.99,0.0,1.92,18.58
2023-10-29,24.76,25.34,0.0,1.88,16.95
2023-10-30,25.03,32.82,0.0,1.78,14.9
2023-10-31,25.21,39.09,3.62,2.02,16.6
2023-11-01,26.06,39.37,0.0,2.34,16.5
2023-11-02,25.56,49.15,0.01,2.83,14.98
2023-11-03,25.87,46.56,0.01,1.53,16.12
2023-11-04,25.97,45.87,2.71,1.55,16.3
2023-11-05,26.05,41.07,0.0,1.61,14.37
2023-11-06,24.82,37.22,0.0,1.76,15.19
2023-11-07,23.37,31.79,0.0,2.4,17.21
2023-11-08,23.2,32.1,0.0,1.98,18.56
2023-11-09,21.69,30.38,0.0,1.51,18.77
2023-11-10,21.82,29.3,0.0,1.04,16.81
2023-11-11,21.6,38.09,0.0,1.4,11.6
2023-11-12,22.94,39.77,0.0,1.27,16.3
2023-11-13,22.35,46.43,0.0,1.59,14.79
2023-11-14,23.74,41.92,0.0,2.49,14.76
2023-11-15,23.95,38.92,0.1,3.61,10.97
2023-11-16,23.12,58.14,0.65,2.91,13.32
2023-11-17,21.93,63.66,0.72,2.38,14.94
2023-11-18,21.01,61.89,0.0,1.53,16.51
2023-11-19,21.7,53.14,1.38,4.58,11.54
2023-11-20,20.77,62.77,2.51,3.49,7.84
2023-11-21,21.84,59.56,0.0,2.26,15.04
2023-11-22,19.46,62.87,0.0,3.62,12.52
2023-11-23,20.68,49.63,0.0,2.43,13.08
2023-11-24,21.65,52.91,0.0,3.31,13.54
2023-11-25,19.85,55.86,0.0,2.62,14.24
2023-11-26,22.07,53.51,0.0,3.53,15.71
2023-11-27,25.07,38.07,0.0,2.82,15.72
2023-11-28,22.06,41.58,0.0,2.92,14.44
2023-11-29,18.14,40.21,0.0,2.12,15.45
2023-11-30,18.2,44.04,0.0,1.18,15.99
2023-12-01,19.51,36.77,0.0,1.05,16.05
2023-12-02,18.55,35.06,0.0,1.1,15.67
2023-12-03,18.9,35.73,0.0,1.37,13.9
2023-12-04,18.02,28.39,0.0,1.6,13.49
2023-12-05,17.29,24.24,0.0,1.43,16.63
2023-12-06,17.29,22.02,0.0,1.47,16.95
2023-12-07,18.21,21.63,0.0,1.58,16.76
2023-12-08,18.58,17.81,0.0,2.03,16.41
2023-12-09,17.01,21.74,0.0,2.61,13.97
2023-12-10,17.95,24.86,0.0,1.67,16.37
2023-12-11,18.63,22.17,0.0,1.82,16.01
2023-12-12,17.65,26.41,0.0,2.02,15.13
2023-12-13,18.21,30.67,0.0,4.45,9.15
2023-12-14,14.68,51.25,0.0,3.39,16.92
2023-12-15,12.79,42.5,0.0,2.85,16.61
2023-12-16,11.93,35.92,0.0,2.26,16.99
2023-12-17,12.45,50.74,0.0,1.95,16.27
2023-12-18,15.24,61.08,0.0,1.84,14.54
2023-12-19,14.7,40.81,0.0,2.11,15.02
2023-12-20,15.15,30.42,0.0,1.6,15.88
2023-12-21,14.99,34.46,0.0,2.09,15.93
2023-12-22,17.12,34.08,0.0,3.51,15.41
2023-12-23,20.13,44.63,0.0,4.12,10.57
2023-12-24,17.63,46.86,0.0,2.41,13.32
2023-12-25,19.5,33.36,0.0,2.84,13.92
2023-12-26,18.11,47.2,0.0,2.39,14.69
2023-12-27,17.95,49.57,0.0,2.37,15.01
2023-12-28,18.41,42.9,0.0,2.78,13.93
2023-12-29,16.42,60.22,4.7,2.62,10.01
2023-12-30,17.02,66.36,0.81,3.36,12.02
2023-12-31,17.26,69.18,0.36,2.53,12.45
2024-01-01,18.1,59.85,0.0,1.79,15.44
